id,Tiêu đề,Giá,Khoảng giá min,Khoảng giá max,Địa chỉ,Mô tả chi tiết,Thương hiệu,Dòng xe,Năm đăng ký,Số Km đã đi,Tình trạng,Loại xe,Dung tích xe,Xuất xứ,Chính sách bảo hành,Trọng lượng,Href
309,Cần bán xe Honda Airblade 2014,16.000.000 đ,15.19 tr,17.83 tr,"Phường 3, Quận 4, Tp Hồ Chí Minh",Xe chính chủ đang xử dụng. Tình trạng tốt. Bảo dưỡng tại Honda Phát Tiến.,Honda,Air Blade,2014,100496,Đã sử dụng,Tay ga,100 - 175 cc,Việt Nam,Bảo hành hãng,> 50 kg,https://xe.chotot.com/mua-ban-xe-may-quan-4-tp-ho-chi-minh/124030731.htm
382,xe xuống áo,14.500.000 đ,15.8 tr,18.55 tr,"Phường 4, Quận 4, Tp Hồ Chí Minh",Xe 2011 bs thành phố không sang tên xe chạy êm,Yamaha,Exciter,2011,20000,Đã sử dụng,Tay côn/Moto,100 - 175 cc,Việt Nam,Bảo hành hãng,> 50 kg,https://xe.chotot.com/mua-ban-xe-may-quan-4-tp-ho-chi-minh/123239812.htm
1840,Xe cub 78,1.500.000 đ,6.82 tr,8.01 tr,"Phường Hiệp Thành, Quận 12, Tp Hồ Chí Minh","Xe cub78 
09chủ 
sdt *** 
Tặng ae sườn MD50 còn đẹp cứng",Honda,Cub,trước năm 1980,9999,Đã sử dụng,Xe số,Dưới 50 cc,Nhật Bản,Bảo hành hãng,> 50 kg,https://xe.chotot.com/mua-ban-xe-may-quan-12-tp-ho-chi-minh/125036349.htm
3439,ab 2020 bstp 9c,32.000.000 đ,29.9 tr,35.1 tr,"Phường 25, Quận Bình Thạnh, Tp Hồ Chí Minh",Xe zin đẹp . Bọc keo nguyên con ace nào thích lh e .,Honda,Air Blade,2020,13000,Đã sử dụng,Tay ga,100 - 175 cc,Việt Nam,Bảo hành hãng,> 50 kg,https://xe.chotot.com/mua-ban-xe-may-quan-binh-thanh-tp-ho-chi-minh/123528782.htm
252,Vespa LX 125 ie đèn vuông đời đầu phun xăng FI,13.000.000 đ,7.2 tr,8.45 tr,"Phường 5, Quận 3, Tp Hồ Chí Minh","Bán Piaggio LX 125 ie màu đen, đăng ký lần đầu 2011 bstp, odo 20.000km, xe rất ít khi chạy, xem xe, kiểm tra xe, mua bán tại nhà, giá mình bán 13tr",Piaggio,LX,2011,20000,Đã sử dụng,Tay ga,100 - 175 cc,Đang cập nhật,Bảo hành hãng,> 50 kg,https://xe.chotot.com/mua-ban-xe-may-quan-3-tp-ho-chi-minh/123338427.htm
3440,vespa sprtin,48.800.000 đ,36.61 tr,42.98 tr,"Phường 5, Quận Bình Thạnh, Tp Hồ Chí Minh","Loại xe:vespa sprtin ( ae trả trước 60% xe lấy xe về chạy)
- Date : 2018
- Màu sắc : Hồng Pink
- Odo : 22k
- Bs : # 59X3 30703 ( gánh)
 - Cam kết Máy móc nguyên zin bao chưa đụng chạm bất cứ thứ gì .
- Bảo hành máy móc 6th, điện lửa sạc 3th , bình acquy 2th . 
- Hỗ trợ sang tên rút hồ sơ nếu quý khách có yêu cầu .
- Hỗ trợ trực tiếp cửa hàng hoặc qua Ngân Hàng
- Địa chỉ + sdt : 45A2 Nguyễn Thượng Hiền , P5 , Quận Bình Thạnh .
- Hỗ trợ vận chuyển cho ae các tỉnh .",Piaggio,Vespa,2018,2222,Đã sử dụng,Tay ga,100 - 175 cc,Nước khác,Bảo hành hãng,> 50 kg,https://xe.chotot.com/mua-ban-xe-may-quan-binh-thanh-tp-ho-chi-minh/123525032.htm
6034,Về quê cần bán Exciter giấy tờ đầy đủ,14.500.000 đ,15.73 tr,18.46 tr,"Phường Hiệp Bình Phước (Quận Thủ Đức cũ), Thành phố Thủ Đức, Tp Hồ Chí Minh","Do thất nghiệp nên cần bán lại Exciter đời 2017 máy móc zin chưa đụng chạm gì, ngoại hình còn đẹp mới, trước mua ngay chủ nhưng không có thời gian đi sang tên, nay bán lại bao tranh chấp có cccd chủ ai cần liên hệ trực tiếp",Yamaha,Exciter,2017,1122,Đã sử dụng,Tay ga,100 - 175 cc,Nhật Bản,Bảo hành hãng,> 50 kg,https://xe.chotot.com/mua-ban-xe-may-thanh-pho-thu-duc-tp-ho-chi-minh/118708747.htm
1353,Cần bán xe spacy cũ,1.500.000 đ,19.75 tr,23.19 tr,"Phường 4, Quận 8, Tp Hồ Chí Minh","Đổi xe mới, nên em cần bán lại chiếc spacy cũ.
Xe của nhật, lâu đời. Xe vẫn còn chạy được.",Honda,Spacy,2000,100000,Đã sử dụng,Tay ga,50 - 100 cc,Nhật Bản,Bảo hành hãng,> 50 kg,https://xe.chotot.com/mua-ban-xe-may-quan-8-tp-ho-chi-minh/123489619.htm
6377,Suzuki raider zin,18.000.000 đ,14.25 tr,16.73 tr,"Xã An Phú Tây, Huyện Bình Chánh, Tp Hồ Chí Minh","Địa chỉ: tphcm. huyện bình chánh, cách chợ hưng long 800m. cách chợ bình chánh 3km. ai quan tâm đừng tiếc 1 cuộc gọi nhé .",Suzuki,Raider,2017,23000,Đã sử dụng,Tay côn/Moto,100 - 175 cc,Việt Nam,Bảo hành hãng,> 50 kg,https://xe.chotot.com/mua-ban-xe-may-huyen-binh-chanh-tp-ho-chi-minh/123382734.htm
2058,Atila chạy còn rất ngon,2.500.000 đ,3 tr,3.52 tr,"Phường Hiệp Thành, Quận 12, Tp Hồ Chí Minh","Atila mới bảo dưỡng chạy ngon ok
Bán giao cavec bao tranh chấp.
Xem xe 389/ Lê Văn Khương, Q12",SYM,Attila,2008,12345,Đã sử dụng,Tay ga,100 - 175 cc,Đài Loan,Bảo hành hãng,> 50 kg,https://xe.chotot.com/mua-ban-xe-may-quan-12-tp-ho-chi-minh/123515204.htm
3396,cần bán lead,13.500.000 đ,15.31 tr,17.98 tr,"Phường 28, Quận Bình Thạnh, Tp Hồ Chí Minh","Xe máy móc êm nguyên zin , có trày bên trong đã dán decal đổi màu xịn , xe đang đứng uỷ quyền lần 2 , có fixx cafe cho anh em nào nhanh lẹ !",Honda,Lead,2014,123456,Đã sử dụng,Tay ga,100 - 175 cc,Việt Nam,Bảo hành hãng,> 50 kg,https://xe.chotot.com/mua-ban-xe-may-quan-binh-thanh-tp-ho-chi-minh/123639796.htm
4326,SHVN 150 CBS 2017 smartkey. Bs.HCM,60.000.000 đ,,64.8 tr,"Phường 7, Quận Tân Bình, Tp Hồ Chí Minh","SHVN 2017 150 CBS smartkey
Biển số HCM
Odo 32k km.
Xe to nên làm biếng lấy đi
Xe 1 đời chủ chính chủ đứng tên.
Giá 6o triệu.
Chỉ ký mua bán. Giao xe là tháo biển thu hồi nhen. 
Xem và gd tại nhà Bành Văn Trân. Tân bình
----
* dàn áo có sơn phủ lớp bóng camay tím
* 2 vỏ MIC thay lúc tầm 28k km
* Km 31k (10.2023) dợ xách hãng bảo dưỡng và điệp khúc tư vấn của hãng : thay thay thay. Túm lại thay nguyên bộ nồi mới tinh hết 6 triệu mấy. Rồi vứt xó tới giờ :D còn Hóa Đơn head honda",Honda,SH,2017,32000,Đã sử dụng,Tay ga,100 - 175 cc,Đang cập nhật,Bảo hành hãng,> 50 kg,https://xe.chotot.com/mua-ban-xe-may-quan-tan-binh-tp-ho-chi-minh/123480704.htm
3828,"Xe đẹp, còn zin",6.000.000 đ,5.75 tr,6.75 tr,"Phường 17, Quận Gò Vấp, Tp Hồ Chí Minh","Xe đẹp, máy êm, còn zin từ A ĐẾN Z 
Có cccd của chủ xe 
 LH ***",Yamaha,Mio,2007,100000,Đã sử dụng,Tay ga,50 - 100 cc,Việt Nam,Bảo hành hãng,> 50 kg,https://xe.chotot.com/mua-ban-xe-may-quan-go-vap-tp-ho-chi-minh/123770536.htm
3455,Wave YMH 50 cc,3.300.000 đ,8.65 tr,10.15 tr,"Phường 24, Quận Bình Thạnh, Tp Hồ Chí Minh","Nhà chật cần bán xe 48 cm cho học sinh đi học, xe máy im ru đặc biệt chưa rớt đầu
Bán tại nhà viết giấy tay bao tranh chấp,giá trên rẽ bèo rồi nên chỉ bớt xăng thôi nhe
xXem và mua xe 375 bạch đằng f 15 bình thạnh tphcm
Đt tuớc kho đến ,đa tạ!",Honda,Wave,2015,32000,Đã sử dụng,Xe số,Dưới 50 cc,Đài Loan,Bảo hành hãng,> 50 kg,https://xe.chotot.com/mua-ban-xe-may-quan-binh-thanh-tp-ho-chi-minh/123487435.htm
510,53535 Chính chủ ký ủy quyền cho ae chơi thoải mái,123.456.789 đ,15.9 tr,18.67 tr,"Phường 11, Quận 6, Tp Hồ Chí Minh","Air Blade đk 2015 bstp 2 phím chính chủ ký ủy quyền cho ae chơi 
√ dàn áo đẹp long lanh 
√ ốc tán sáng trưng 
 Máy móc nguyên zin bao êm ( bao test) 
chìa khóa theo xe đủ 2 chìa",Honda,Air Blade,2015,25,Đã sử dụng,Tay ga,100 - 175 cc,Nhật Bản,Bảo hành hãng,> 50 kg,https://xe.chotot.com/mua-ban-xe-may-quan-6-tp-ho-chi-minh/124728928.htm
677,"CBR150R HRC Biển HCM (Ký mua bán, không uỷ quyền)",43.000.000 đ,82.58 tr,96.94 tr,"Phường 11, Quận 6, Tp Hồ Chí Minh","Giá xe không bao hồ sơ sang tên, còn thương lượng
Xe dắt hãng 1 chủ đăng ký lần đầu tháng 11/2023
ODO ~ 15k
Đồ zin còn đủ
Đồ chơi đi kèm: 
- Lốp sau Michellin pilot street 140/70-17
- Cùm công tắc CB1000R tắt máy khẩn cấp, tắt đèn pha
- Kính gió cao Thái Lan
- Cặp tay côn/thắng RCB chính hãng
- Chống đổ gù to chưa trầy chưa ngã
- Pát nâng gác chân
- Lên tem trùm nguyên xe sử dụng chưa được 2 tháng còn rất mới
- Nhông sên đĩa full bộ recto mới thay

Tặng kèm ben nâng xe M-biker hàng xịn chuyên nâng xe nhỏ không cần ốc ben nâng",Honda,CBR,2023,15000,Đã sử dụng,Tay côn/Moto,100 - 175 cc,Việt Nam,Bảo hành hãng,> 50 kg,https://xe.chotot.com/mua-ban-xe-may-quan-6-tp-ho-chi-minh/123012735.htm
3413,Cúp 50cc . Chính chủ,7.800.000 đ,7.14 tr,8.38 tr,"Phường 11, Quận Bình Thạnh, Tp Hồ Chí Minh",Dư dùng cần thanh lý chiếc cúp 50cc. Biển số thành phố.Chính Chủ.1 đời chủ sử dụng.xe còn rất đẹp.nguyên bản.ae nào cần liên hệ nha,Halim,Dòng khác,2019,228465,Đã sử dụng,Xe số,Dưới 50 cc,Việt Nam,Bảo hành hãng,> 50 kg,https://xe.chotot.com/mua-ban-xe-may-quan-binh-thanh-tp-ho-chi-minh/123567914.htm
80,cần bán lead 4val 2023,39.000.000 đ,35.87 tr,42.11 tr,"Phường Phạm Ngũ Lão, Quận 1, Tp Hồ Chí Minh","Cần bán lead 2023
Xe chính chủ
Bs HCM Tân Phú",Honda,Lead,2023,15000,Đã sử dụng,Tay ga,100 - 175 cc,Việt Nam,Bảo hành hãng,> 50 kg,https://xe.chotot.com/mua-ban-xe-may-quan-1-tp-ho-chi-minh/123546864.htm
1264,Xe chính chủ ủy quyền ae có nhá ý liên hệ e ạ,15.600.000 đ,13.75 tr,16.14 tr,"Phường 4, Quận 8, Tp Hồ Chí Minh",Xe đã qua sử dụng máy móc bao êm keo nguyên con từ khi mua chưa gỡ,Honda,Winner,2017,9999,Đã sử dụng,Tay côn/Moto,100 - 175 cc,Việt Nam,Bảo hành hãng,> 50 kg,https://xe.chotot.com/mua-ban-xe-may-quan-8-tp-ho-chi-minh/123750107.htm
1176,xe winner x v3 abs bstp chính chủ kí bán,27.500.000 đ,24.85 tr,29.17 tr,"Phường 10, Quận 8, Tp Hồ Chí Minh","Xe đang trong trình trạng hoàn hảo 
Xe có làm yên kymdan gù sh350",Honda,Winner X,2023,30000,Đã sử dụng,Tay côn/Moto,100 - 175 cc,Việt Nam,Bảo hành hãng,> 50 kg,https://xe.chotot.com/mua-ban-xe-may-quan-8-tp-ho-chi-minh/124461620.htm
1650,Cần bán xe suppe Dream 110cc 2016,25.000.000 đ,10.08 tr,11.83 tr,"Phường 4, Quận 11, Tp Hồ Chí Minh",Cần bán xe suppe Dream 110cc đẹp như hình .tiếc kiệm xăng máy êm.xe chỉ đi làm và cafe vòng vòng nhà.qua xem xe thích ngay,Honda,Dream,2016,15000,Đã sử dụng,Xe số,100 - 175 cc,Việt Nam,Bảo hành hãng,> 50 kg,https://xe.chotot.com/mua-ban-xe-may-quan-11-tp-ho-chi-minh/124847278.htm
2264,"Vison nhà chạy kỹ , xem xe q12",10.500.000 đ,10.54 tr,12.37 tr,"Phường Thới An, Quận 12, Tp Hồ Chí Minh","👉 Honda tay ga nữ , máy rin , giấy tờ đầy đủ , xe nhà chạy kỹ 👉 xem xe q12
👉Bao tranh chấp 
👉 Giá : 10tr500",Honda,Vision,2012,1500,Đã sử dụng,Tay ga,50 - 100 cc,Nhật Bản,Bảo hành hãng,> 50 kg,https://xe.chotot.com/mua-ban-xe-may-quan-12-tp-ho-chi-minh/123475535.htm
7103,"Wave Alpha 2002 lốc đen, máy móc nguyên zin",15.500.000 đ,10.55 tr,12.38 tr,"Xã Phước Kiển, Huyện Nhà Bè, Tp Hồ Chí Minh","Xe phụ nữ đi nên rất kĩ
Máy móc zin chưa đụng chạm 
xe còn rất đẹp 
Giấy tờ bao tranh chấp, có làm giấy mua bán với chủ",Honda,Wave,2002,59000,Đã sử dụng,Xe số,100 - 175 cc,Nhật Bản,Bảo hành hãng,> 50 kg,https://xe.chotot.com/mua-ban-xe-may-huyen-nha-be-tp-ho-chi-minh/124469805.htm
178,Xe win độ tracker,7.500.000 đ,3.4 tr,4 tr,"Phường Võ Thị Sáu, Quận 3, Tp Hồ Chí Minh","Xe mới độ 1 năm, bill đính kèm (Đi Vũng tàu 1 lần). Giấy tờ đầy đủo",Honda,Win,2000,1000,Đã sử dụng,Tay côn/Moto,50 - 100 cc,Đang cập nhật,Bảo hành hãng,> 50 kg,https://xe.chotot.com/mua-ban-xe-may-quan-3-tp-ho-chi-minh/123321480.htm
1980,✔️ EXCITER 55P DỌN FOM 2010,22.500.000 đ,13.86 tr,16.27 tr,"Phường Thạnh Lộc, Quận 12, Tp Hồ Chí Minh","EXCITER 135 DỌN FOM 2010

MÁY ZIN SIÊU ÊM

XE DỌN MỚI SƠN XI NGUYÊN CON",Yamaha,Exciter,2014,10000,Đã sử dụng,Xe số,100 - 175 cc,Nhật Bản,Bảo hành hãng,> 50 kg,https://xe.chotot.com/mua-ban-xe-may-quan-12-tp-ho-chi-minh/124286243.htm
1719,Cần nhường lại xe supe dream 110cc,25.000.000 đ,10.08 tr,11.83 tr,"Phường 4, Quận 11, Tp Hồ Chí Minh",Xe nhà đi còn rất mới bảo dưỡng hàng tháng đi nhẹ tiết kiệm xăng.. Xe bản kỷ niệm.. Mới thay vỏ michelin xe đủ phụ kiện 2 kiến 2 chìa..sang tên 1 nốt nhạc bs saigon,Honda,Dream,2016,19000,Đã sử dụng,Xe số,100 - 175 cc,Thái Lan,Bảo hành hãng,> 50 kg,https://xe.chotot.com/mua-ban-xe-may-quan-11-tp-ho-chi-minh/123697400.htm
133,Xe zin chưa đụng chạm,20.000.000 đ,32.11 tr,37.7 tr,"Phường Bến Nghé, Quận 1, Tp Hồ Chí Minh",Cần tiền bân gấp công chứng sang tên trong ngày ưu tiên ai gọi trước kh nhận tin nhắn,Honda,Vario,2021,10000,Đã sử dụng,Tay ga,100 - 175 cc,Việt Nam,Bảo hành hãng,> 50 kg,https://xe.chotot.com/mua-ban-xe-may-quan-1-tp-ho-chi-minh/119019433.htm
4276,HONDA BLADE MỚI,9.500.000 đ,9.35 tr,10.98 tr,"Phường 1, Quận Tân Bình, Tp Hồ Chí Minh","Dư dùng nên thanh lý chiếc xe Honda Blade như hình, mua mới một đời chủ 2018, xe còn mới odo mới chạy hơn 35k km,chỉ đi chợ và chở con đi học nên xe còn rất ok, mới bảo dưỡng thay nhớt, mua về là chạy thôi, chính chủ và chỉ bán cho khách công chứng sang tên ngay nhé, không bán theo hình thức ủy quyền, xin mời ACE ủng hộ",Honda,Blade,2018,35000,Đã sử dụng,Xe số,100 - 175 cc,Việt Nam,Bảo hành hãng,> 50 kg,https://xe.chotot.com/mua-ban-xe-may-quan-tan-binh-tp-ho-chi-minh/124466119.htm
4752,Honda Lead Kiểng bstp cặp đẹp,36.500.000 đ,24.11 tr,28.3 tr,"Phường Hiệp Tân, Quận Tân Phú, Tp Hồ Chí Minh","Xe nhà sử dụng cần bán lại cho anh em đam mê dòng này

Xe biển số thành phố chính chủ biển số cặp siêu đẹp 

Xe trước mình dọn kiểng up dàn áo lead 4val

Phuộc Ohlins Real còn full box 

Cùm tăng tốc domino Real

Tay thắng TBT Real

Yên xe nệm Kymdan bao êm cho anh em đi xa

Full dàn chống đứng inox

Full ốc inox salaya

Xe đang sử dụng hằng ngày máy êm nguyên zin chưa rớt đầu, đúng odo zin

Anh em thiện chí alo mình, fix cf nhanh lẹ",Honda,Lead,2019,27000,Đã sử dụng,Tay ga,100 - 175 cc,Việt Nam,Bảo hành hãng,> 50 kg,https://xe.chotot.com/mua-ban-xe-may-quan-tan-phu-tp-ho-chi-minh/123725740.htm
3241,xe MOTO 300cc-1000cc,80.000.000 đ,26.85 tr,31.52 tr,"Phường 26, Quận Bình Thạnh, Tp Hồ Chí Minh","Tìm mua xe moto 300cc-1000cc để chạy trải nghiệm
Hcm quá tốt người dùng
Mua nhanh gọn lẹ giá thương lượng",Yamaha,Dòng khác,2019,10000,Đã sử dụng,Tay côn/Moto,Trên 175 cc,Đang cập nhật,Bảo hành hãng,> 50 kg,https://xe.chotot.com/mua-ban-xe-may-quan-binh-thanh-tp-ho-chi-minh/124812052.htm
7035,Dư dùng SH 150i - 2018,72.000.000 đ,57.96 tr,68.03 tr,"Xã Bà Điểm, Huyện Hóc Môn, Tp Hồ Chí Minh","Xe như hình - cạt vẹt chính chủ - công chứng sang tên ngay
Máy chưa đụng tới - nguyên zin đang sử dụng - không lổi nhỏ - bao thợ thầy kiểm tra",Honda,SH,2018,38400,Đã sử dụng,Tay ga,100 - 175 cc,Việt Nam,Bảo hành hãng,> 50 kg,https://xe.chotot.com/mua-ban-xe-may-huyen-hoc-mon-tp-ho-chi-minh/123204944.htm
497,"Đăng dùm ông anh tại quận 5, Sh 2018 cbs zin",65.000.000 đ,58.13 tr,68.25 tr,"Phường 5, Quận 5, Tp Hồ Chí Minh","Xe cbs, chính chủ công chứng hay uỷ quyền đều được
Xe bstp, máy móc bao zin, mua bán xem xe tại nhà chính chủ, xe còn thương lượng nhẹ
Liên hệ:",Honda,SH,2018,50000,Đã sử dụng,Tay ga,100 - 175 cc,Nhật Bản,Bảo hành hãng,> 50 kg,https://xe.chotot.com/mua-ban-xe-may-quan-5-tp-ho-chi-minh/123191519.htm
2856,cần ra đi,17.000.000 đ,15.17 tr,17.81 tr,"Phường Tân Tạo, Quận Bình Tân, Tp Hồ Chí Minh","Ex150 2015
Dàn ngoài nguyên zin
Máy móc đầu chưa rớt, nồi rớt bảo dưỡng
Giấy tờ chính chủ uỷ quyền sang tên đều được
Có hỗ trợ cho ae sang tên
Giá:17đ bớt lộc cho ae nhanh lẹ.",Yamaha,Exciter,2015,12345,Đã sử dụng,Tay côn/Moto,100 - 175 cc,Việt Nam,Bảo hành hãng,> 50 kg,https://xe.chotot.com/mua-ban-xe-may-quan-binh-tan-tp-ho-chi-minh/123664925.htm
3363,Xe máy êm mạnh mẽ cần bán,3.500.000 đ,6.48 tr,7.61 tr,"Phường 14, Quận Bình Thạnh, Tp Hồ Chí Minh",Xe máy êm cực kỳ zin toàn bộ anh em mua hay trao đổi với nhậu cùng được hãy gọi điện thoại cho chủ cần ơn các cháu,Yamaha,Sirius,2010,39700,Đã sử dụng,Xe số,100 - 175 cc,Việt Nam,Bảo hành hãng,> 50 kg,https://xe.chotot.com/mua-ban-xe-may-quan-binh-thanh-tp-ho-chi-minh/123693554.htm
7172,Xe Wave Alpha 2004 dàn áo zin Thái,11.000.000 đ,11.52 tr,13.52 tr,"Xã Phước Kiển, Huyện Nhà Bè, Tp Hồ Chí Minh","Máy móc tốt , mua sử dụng ngay 
xem xe tại Nhà Bè TPHCM
Giấy tờ công chứng uỷ quyền",Honda,Wave,2004,11000,Đã sử dụng,Xe số,100 - 175 cc,Nhật Bản,Bảo hành hãng,> 50 kg,https://xe.chotot.com/mua-ban-xe-may-huyen-nha-be-tp-ho-chi-minh/123488314.htm
6213,Winner siêu đẹp Biển 72,11.800.000 đ,13.75 tr,16.14 tr,"Xã Hưng Long, Huyện Bình Chánh, Tp Hồ Chí Minh","Cần bán lại winner dàn ngoài như hình siêu đẹp 
Máy móc zin chưa rớt đầu êm ru
Biển số 72 vủng tàu có giấy bán cửa hàng bao tranh chấp",Honda,Winner,2017,19000,Đã sử dụng,Tay côn/Moto,100 - 175 cc,Việt Nam,Bảo hành hãng,> 50 kg,https://xe.chotot.com/mua-ban-xe-may-huyen-binh-chanh-tp-ho-chi-minh/123681842.htm
2183,PCX+Honda+2017+long chuot+moiQ.w,35.000.000 đ,29.76 tr,34.94 tr,"Phường Hiệp Thành, Quận 12, Tp Hồ Chí Minh","Xuất sứ Việt Nam mới 
hết bảo hành 
16/24 Ds3 p9 tphcm 
7Nam 
bao tri 6t lần 
giấy tö chính chủ",Honda,PCX,2017,48000,Đã sử dụng,Tay ga,100 - 175 cc,Việt Nam,Bảo hành hãng,> 50 kg,https://xe.chotot.com/mua-ban-xe-may-quan-12-tp-ho-chi-minh/123649741.htm
1570,xe trùm mền,32.000.000 đ,29.9 tr,35.1 tr,"Phường 4, Quận 10, Tp Hồ Chí Minh","xe trùm mền .ko sử dụng nên bán .
đk 2024 .
 1.200 km 
chính chủ 
lh *** mr linh",Honda,Vision,2024,1200,Đã sử dụng,Tay ga,Đang cập nhật,Bảo hành hãng,Bảo hành hãng,> 50 kg,https://xe.chotot.com/mua-ban-xe-may-quan-10-tp-ho-chi-minh/123352129.htm
4340,wave blade,8.000.000 đ,9.83 tr,11.54 tr,"Phường 13, Quận Tân Bình, Tp Hồ Chí Minh","cần bán wave blảde không chính chủ, bao tranh chấp, xe máy móc zin êm, dàn ngòai ok, giá 8tr liên hệ *** xem xe ở tân bình",Honda,Wave,2017,54000,Đã sử dụng,Xe số,100 - 175 cc,Nhật Bản,Bảo hành hãng,> 50 kg,https://xe.chotot.com/mua-ban-xe-may-quan-tan-binh-tp-ho-chi-minh/123792319.htm
5507,xe trùm mền chạy êm,8.000.000 đ,6.84 tr,8.03 tr,"Phường Tân Phú (Quận 9 cũ), Thành phố Thủ Đức, Tp Hồ Chí Minh",Xe trùm mền km đúng .cavet hợp lệ. Không chính chủ,Piaggio,Liberty,2012,46000,Đã sử dụng,Tay ga,100 - 175 cc,Việt Nam,Bảo hành hãng,> 50 kg,https://xe.chotot.com/mua-ban-xe-may-thanh-pho-thu-duc-tp-ho-chi-minh/123683450.htm
2216,xe đang đi cần bán gấp,5.500.000 đ,3.91 tr,4.59 tr,"Phường Tân Thới Hiệp, Quận 12, Tp Hồ Chí Minh","xe wave nhỏ trung quốc xe đi êm dàn áo mới tay cháo đèn 2 tầng,lên đc ít ít đồ chơi",Hãng khác,Dòng khác,2011,1000,Đã sử dụng,Xe số,50 - 100 cc,Trung Quốc,Bảo hành hãng,> 50 kg,https://xe.chotot.com/mua-ban-xe-may-quan-12-tp-ho-chi-minh/123583306.htm
5213,Exciter 155 vva,35.000.000 đ,26.16 tr,30.71 tr,"Phường Linh Xuân (Quận Thủ Đức cũ), Thành phố Thủ Đức, Tp Hồ Chí Minh","Xe 9 chủ, biển tỉnh, lên vài món đồ chơi. Giá còn thương lượng. Ae thiện chí alo số ***. Hoặc nhắn zaloo cũng đc.",Yamaha,Exciter,2021,60000,Đã sử dụng,Tay côn/Moto,100 - 175 cc,Nhật Bản,Bảo hành hãng,> 50 kg,https://xe.chotot.com/mua-ban-xe-may-thanh-pho-thu-duc-tp-ho-chi-minh/124561381.htm
757,cần bán dream super,21.000.000 đ,10.08 tr,11.83 tr,"Phường Tân Thuận Đông, Quận 7, Tp Hồ Chí Minh","Dream Super 2016 uy quyèn lần 1
giao dịch quận 7",Honda,Dream,2016,45000,Đã sử dụng,Xe số,100 - 175 cc,Việt Nam,Bảo hành hãng,> 50 kg,https://xe.chotot.com/mua-ban-xe-may-quan-7-tp-ho-chi-minh/124767339.htm
2023,CB400 Super Four Cafe,76.000.000 đ,303.6 tr,356.4 tr,"Phường Đông Hưng Thuận, Quận 12, Tp Hồ Chí Minh","Mình cần bán Cb400 vtec3.
Máy móc êm zin, mọi chức năng còn hoạt động tốt.
Giấy tờ ca thanh lý 1 chỗ, biển Ninh Thuận, đi hợp pháp toàn quốc.
Xe độ tâm huyết, đã gắn bó với mình khá lâu.
Giá 7x
Xem xe tại Nguyễn Văn Quá, Q12, TPHCM
LH: ***",Honda,CB,2006,25000,Đã sử dụng,Tay côn/Moto,Trên 175 cc,Đang cập nhật,Bảo hành hãng,> 50 kg,https://xe.chotot.com/mua-ban-xe-may-quan-12-tp-ho-chi-minh/123992271.htm
1043,Jupiter 2013 xe zin có CCCd chủ xe cũ,10.200.000 đ,7.7 tr,9.04 tr,"Phường Bình Thuận, Quận 7, Tp Hồ Chí Minh","Dư dùng bán lại
Xe mới thay vỏ sau
Máy móc zin
Êm ru
Xe có phun xăng điện tử nên tiết kiệm lắm
Máy móc zin êm chạy thoải mái
Xe có Cavet và CCCd chủ xe nên yên tâm nguồn gốc ạ
Bán tại nhà viết giấy tay bao tranh chấp nguồn gốc",Yamaha,Jupiter,2013,500000,Đã sử dụng,Xe số,100 - 175 cc,Việt Nam,Bảo hành hãng,> 50 kg,https://xe.chotot.com/mua-ban-xe-may-quan-7-tp-ho-chi-minh/123267938.htm
1222,Xe Satria 206 id85 xe chùm mềm mới y hình,219.000.000 đ,251.13 tr,294.81 tr,"Phường 15, Quận 8, Tp Hồ Chí Minh","Xe Satria 206 id85.mình đang đứng tên sang tên toàn quốc
Xe mới máy êm",Suzuki,Satria,2006,44000,Đã sử dụng,Tay côn/Moto,100 - 175 cc,Nước khác,Bảo hành hãng,> 50 kg,https://xe.chotot.com/mua-ban-xe-may-quan-8-tp-ho-chi-minh/124017377.htm
7162,cần bán vario 150 giá 25 triệu,25.000.000 đ,41.35 tr,48.54 tr,"Xã Hiệp Phước, Huyện Nhà Bè, Tp Hồ Chí Minh","Xe chinh chủ ngoại hình xấu 
Đời 2018 
Cần bán hoạt giao lưu sh mode
Lh xem xe ***",Honda,Vario,2018,800000,Đã sử dụng,Tay ga,100 - 175 cc,Ấn Độ,Bảo hành hãng,> 50 kg,https://xe.chotot.com/mua-ban-xe-may-huyen-nha-be-tp-ho-chi-minh/123551529.htm
4255,em cần bán gấp,143.333.333 đ,133.06 tr,156.2 tr,"Phường 8, Quận Tân Bình, Tp Hồ Chí Minh",Xe như hình máy móc nguyên zin bstp sang tên 1 phút 1,Kawasaki,Z1000,2014,250000,Đã sử dụng,Tay côn/Moto,Trên 175 cc,Nhật Bản,Bảo hành hãng,> 50 kg,https://xe.chotot.com/mua-ban-xe-may-quan-tan-binh-tp-ho-chi-minh/124882404.htm
1058,xe ga espero 50vs diamond pro 2,18.500.000 đ,12.56 tr,14.75 tr,"Phường Tân Hưng, Quận 7, Tp Hồ Chí Minh",Xe mới mua do nhu cầu đổi xe điện chạy nên bán lại.Giá có thể thương lượng cho ai thiện chí mua,Hãng khác,Dòng khác,2024,40,Đã sử dụng,Tay ga,Dưới 50 cc,Việt Nam,Bảo hành hãng,> 50 kg,https://xe.chotot.com/mua-ban-xe-may-quan-7-tp-ho-chi-minh/123220804.htm
3394,cần bán fz lốc vàng bssg zin chất,16.800.000 đ,18.07 tr,21.22 tr,"Phường 27, Quận Bình Thạnh, Tp Hồ Chí Minh","Xe cọp keng bảo dưỡng đầy đủ máy cực êm
Giá 16₫8 có thương lượng cho ae thiện tí tới coi trực tiếp Bình Thạnh HCM
Ko chính chủ bao tc giao cv gốc",Yamaha,FZ,2017,40000,Đã sử dụng,Tay côn/Moto,100 - 175 cc,Nhật Bản,Bảo hành hãng,> 50 kg,https://xe.chotot.com/mua-ban-xe-may-quan-binh-thanh-tp-ho-chi-minh/123644992.htm
4035,Bán xe cup có đề,9.000.000 đ,3.35 tr,3.93 tr,"Phường 7, Quận Gò Vấp, Tp Hồ Chí Minh","Xe cup như hình, giấy tờ đầy đủ , kg chính chủ, cho học sinh đi học,, giá 9 tr , liên hệ ***",Hãng khác,Dòng khác,2009,50000,Đã sử dụng,Xe số,Dưới 50 cc,Nhật Bản,Bảo hành hãng,> 50 kg,https://xe.chotot.com/mua-ban-xe-may-quan-go-vap-tp-ho-chi-minh/123217944.htm
1478,Can ban xe sh 150,45.000.000 đ,44.98 tr,52.8 tr,"Phường 14, Quận 10, Tp Hồ Chí Minh",Cần bán xe sh 150 xe mua mới 1 chủ từ đầu còn zin từ a đến z giá còn thương lượng,Honda,SH,2013,50000,Đã sử dụng,Tay ga,100 - 175 cc,Việt Nam,Bảo hành hãng,> 50 kg,https://xe.chotot.com/mua-ban-xe-may-quan-10-tp-ho-chi-minh/124195009.htm
3615,cần bán wave thái 110 bstp,26.000.000 đ,22.73 tr,26.69 tr,"Phường 8, Quận Gò Vấp, Tp Hồ Chí Minh","Wave thái 110 bstp , số khung số máy trùng nhau , ngay mình đứng tên công chứng mua bán uỷ quyền đều đc
dàn áo dán keo ko trày , dọn full zin",Honda,Wave,1999,0,Đã sử dụng,Xe số,100 - 175 cc,Thái Lan,Bảo hành hãng,> 50 kg,https://xe.chotot.com/mua-ban-xe-may-quan-go-vap-tp-ho-chi-minh/124825297.htm
5609,Vespa Lx 125i Date 2010 Trắng Đen,6.000.000 đ,5.28 tr,6.2 tr,"Phường Linh Chiểu (Quận Thủ Đức cũ), Thành phố Thủ Đức, Tp Hồ Chí Minh","Vespa Lx 125i Date 2010 Trắng Đen
Đăng kí 2010
Biển số : 70S2 0491",Piaggio,Vespa,2010,29113,Đã sử dụng,Tay ga,100 - 175 cc,Việt Nam,Bảo hành hãng,> 50 kg,https://xe.chotot.com/mua-ban-xe-may-thanh-pho-thu-duc-tp-ho-chi-minh/123580063.htm
6435,Cần bán satria 2019 bstp chính chủ,29.500.000 đ,20.16 tr,23.67 tr,"Xã Bình Hưng, Huyện Bình Chánh, Tp Hồ Chí Minh",Satria 2019 bstp chính chủ . Máy móc nguyên zin odo 9k . Xe ít chạy chủ yếu đi cafe . Ai cần liên hệ em,Suzuki,Satria,2019,9000,Đã sử dụng,Tay côn/Moto,100 - 175 cc,Nước khác,Bảo hành hãng,> 50 kg,https://xe.chotot.com/mua-ban-xe-may-huyen-binh-chanh-tp-ho-chi-minh/123221434.htm
6376,Bán wave s100 bstp gtdd xe mộc chưa dặm tút,9.300.000 đ,6.77 tr,7.94 tr,"Xã Phong Phú, Huyện Bình Chánh, Tp Hồ Chí Minh","Bán wave S100 bstp gtdd xe zin không lai gì, máy rớt đầu cạo khói, bao êm như chó chết, tiền nào của nấy",Honda,Wave,2008,20000,Đã sử dụng,Xe số,100 - 175 cc,Nhật Bản,Bảo hành hãng,> 50 kg,https://xe.chotot.com/mua-ban-xe-may-huyen-binh-chanh-tp-ho-chi-minh/123384600.htm
231,cần bán ex 150 đời led,25.500.000 đ,22.36 tr,26.25 tr,"Phường 11, Quận 3, Tp Hồ Chí Minh","Xe zin dọn kiểng nhẹ 
Biển số tphcm chính chủ 
Cò lái né em !!",Yamaha,Exciter,2020,36000,Đã sử dụng,Tay côn/Moto,100 - 175 cc,Việt Nam,Bảo hành hãng,> 50 kg,https://xe.chotot.com/mua-ban-xe-may-quan-3-tp-ho-chi-minh/123463062.htm
1039,YAMAHA ULTIMO Fi 207,4.567.800 đ,1.93 tr,2.26 tr,"Phường Tân Kiểng, Quận 7, Tp Hồ Chí Minh","Dọn kho còn còn dư 1 xe yamaha ULTIMO Fi đời 207, giấy tờ đầy đủ, xe để lâu ngày còn nguyên bụi. Máy để 2 năm chưa khởi động, bó phanh trước, lốp hết hơi, ace thiện chí qua xem xe tại 245 trần xuân soạn, phường tân kiệm, quận 7.",Yamaha,Dòng khác,2007,12345,Đã sử dụng,Tay ga,100 - 175 cc,Nước khác,Bảo hành hãng,> 50 kg,https://xe.chotot.com/mua-ban-xe-may-quan-7-tp-ho-chi-minh/123274068.htm
5690,Xe lead 2012,9.900.000 đ,7.87 tr,9.24 tr,"Phường Bình Trưng Tây (Quận 2 cũ), Thành phố Thủ Đức, Tp Hồ Chí Minh","Xe biển thành phố
Màu vàng đồng
Chỉnh chủ quận 2
Odo : 90.000 km
Xe đi giữ kỹ
Xe bán công chứng mua bán sang tên luôn nhé các anh chị
Anh/ chị/ em nào có nhu cầu liên hệ mình ạ",Honda,Lead,2012,900000,Đã sử dụng,Tay ga,100 - 175 cc,Việt Nam,Bảo hành hãng,> 50 kg,https://xe.chotot.com/mua-ban-xe-may-thanh-pho-thu-duc-tp-ho-chi-minh/123497056.htm
6001,Cần bán xe Atila vàng,4.500.000 đ,3.11 tr,3.65 tr,"Phường Linh Chiểu (Quận Thủ Đức cũ), Thành phố Thủ Đức, Tp Hồ Chí Minh","Cần bán xe ga Atila chính chủ, do không có nhu cầu sử dụng, Biển tỉnh Nghệ An, màu vàng. Tính trạng đi tốt. Phù hợp cho nam nữ
Liên hệ:Miss Nguyệt 
***",SYM,Attila,2010,100000,Đã sử dụng,Tay ga,100 - 175 cc,Nhật Bản,Bảo hành hãng,> 50 kg,https://xe.chotot.com/mua-ban-xe-may-thanh-pho-thu-duc-tp-ho-chi-minh/122209462.htm
2111,xe Wave A 2019 Mới Lột Keo,12.000.000 đ,11.68 tr,13.71 tr,"Phường Trung Mỹ Tây, Quận 12, Tp Hồ Chí Minh","Cần ra đi em nó tình trạng máy êm ru
Đầu chưa nhấc
Dàn áo đẹp 99 mới tháo keo
Biển số tình 
Có cà vẹt gốc bán cửa hàng bao tranh chấp",Honda,Wave,2019,35000,Đã sử dụng,Xe số,100 - 175 cc,Việt Nam,Bảo hành hãng,> 50 kg,https://xe.chotot.com/mua-ban-xe-may-quan-12-tp-ho-chi-minh/123752259.htm
2583,Bán Sym star 125 sr tay côn,11.000.000 đ,5.28 tr,6.2 tr,"Phường Bình Hưng Hòa, Quận Bình Tân, Tp Hồ Chí Minh",Xe nguyên zin. Máy cực êm xăng 65km/l. Chính chủ công chứng ngay. Xe không cấn bể. Liền lạc hết. Lớn tuổi không đi tay côn nên n bán.,SYM,Star,2017,80000,Đã sử dụng,Tay côn/Moto,100 - 175 cc,Đài Loan,Bảo hành hãng,> 50 kg,https://xe.chotot.com/mua-ban-xe-may-quan-binh-tan-tp-ho-chi-minh/124922449.htm
6280,Bán wave nhỏ,6.500.000 đ,7.1 tr,8.34 tr,"Xã Vĩnh Lộc B, Huyện Bình Chánh, Tp Hồ Chí Minh","🆘Em cần bán wave Liên doanh GTDD úp full anlpha đồ zin hãng, có cũ và trầy theo thời gian 
📌Cấu hình máy 54 dên fu (chở thuốc....)
Full cục anlpha
Mobin sường moric
Ic độ 
Đạp một cái là nổ
Bình xăng con ex 2010 chính hãng ( 2 củ hơn)
đã canh chỉnh ngọt xe.
Pô VD 168 móc theo bài
Xe đã lên sạc lớn 
📌Dàn áo zin anlpha hơi xù theo thời gian 
Choá 2 tầng (đã lên sạc lớn)
Heo trước, tay thắng ex 135 
Phuộc trước sirius 
Bánh căm trước sau
Niềng shark speed Thailand (900k)
Căm Osaki chính hãng ( 800k)
Phuộc sau Yss chính hãng (900 mấy)
Đồng hồ zin anlpha
Nhông sên dĩa STB chính hãng 
Đèn hậu zin anlpha 
Cùm công tắc zin
Vỏ sau maxxis 80/90/17
Vỏ trước 2.50/ 17
Giá em bán 6tr7 ( có bớt)
Ai cần ib em ạ
Em cảm ơn♥️♥️
Đ/C Cổng Đình Vĩnh Lộc B.",Honda,Wave,2006,90000,Đã sử dụng,Xe số,100 - 175 cc,Trung Quốc,Bảo hành hãng,> 50 kg,https://xe.chotot.com/mua-ban-xe-may-huyen-binh-chanh-tp-ho-chi-minh/123641627.htm
4575,"XS155R, bs saigon, dk T11.2024",71.000.000 đ,62.96 tr,73.91 tr,"Phường Phú Thọ Hòa, Quận Tân Phú, Tp Hồ Chí Minh","XS155R, bs saigon, dk T11.2024
Odo 800km
Mẻ 1 phần tay côn bên trái do dắt xe trúng cửa.
Giá xe mới ra biển saigon là 84tr, nên a/c mua xe này thì tiết kiệm hơn 10tr

Giá bán: 71tr",Yamaha,XSR,2024,800,Đã sử dụng,Tay côn/Moto,100 - 175 cc,Đang cập nhật,Bảo hành hãng,> 50 kg,https://xe.chotot.com/mua-ban-xe-may-quan-tan-phu-tp-ho-chi-minh/123572312.htm
2577,Honda SH 125i 125 chính chủ đầu tiên bstp TPHCM,40.500.000 đ,36.71 tr,43.09 tr,"Phường Bình Hưng Hoà A, Quận Bình Tân, Tp Hồ Chí Minh","Em có chiếc Honda SH 125i 2014 màu trắng ngọc trai 125cc, Khoá thông minh điện tử từ xa, Phun xăng điện tử PGM-FI, Idling stop (Tắt động cơ khi dừng 5 giây), xe mới 98%. Biển số TP HCM. Cá nhân em test là 2.18L/100km ~ 46km/lít

1 chủ từ đầu luôn + giấy tờ đầy đủ. Điều quan trọng là chính chủ là em mua xe lần đầu, em cam kết được chuyện này + vệ sinh nồi thay nhớt đàng hoàng. Em đi đổ nhớt Motul tổng hợp toàn phần cứ 2 ngàn cây là e thay nhớt. Từ lúc tới giờ chạy không hư hỏng gì ngoài việc bể bánh xe cán đinh thôi 😂

Em không bán cho lái buôn, mong các a/c lái thông cảm. 
Mức mong muốn: Bốn chục củ rưỡi ạ
Nếu anh chị cá nhân nào muốn mua thiệt tình và vui vẻ thì em sẽ thương lượng gia giảm tý lộc. Em cám ơn tất cả a/c xem tin.",Honda,SH,2014,0,Đã sử dụng,Tay ga,100 - 175 cc,Việt Nam,Bảo hành hãng,> 50 kg,https://xe.chotot.com/mua-ban-xe-may-quan-binh-tan-tp-ho-chi-minh/124951457.htm
1373,Winer v1 bstp Máy êm chưa rớt,14.500.000 đ,13.96 tr,16.39 tr,"Phường 1, Quận 8, Tp Hồ Chí Minh","Xe Bstp chính chủ kí khó bán btc cho ae( giao full giấy chứng cmnd chủ) Máy pxl bao tê tái. Chất xe đẹp,Áo đẹp keng, ko trầy bao đẹp, Máy móc êm lực( chưa rớt đầu).Pô redleo cổ tăng,Ecu redleo, họng ga zin móc, pô e K&, Cặp Mâm 6 cây redleo,Dàn chân sơn zin sạch sẽ, ốc tán salaya full xe,Điện đề đèn đầy đủ. Ae mua về chỉ có việc sử dụng. Cảm ơn chợ tốt duyệt tin",Honda,Winner,2016,32000,Đã sử dụng,Tay côn/Moto,100 - 175 cc,Việt Nam,Bảo hành hãng,> 50 kg,https://xe.chotot.com/mua-ban-xe-may-quan-8-tp-ho-chi-minh/123246185.htm
5460,cần bán novo5 cực kì đẹp máy bao ngon,6.900.000 đ,7.62 tr,8.94 tr,"Phường Linh Xuân (Quận Thủ Đức cũ), Thành phố Thủ Đức, Tp Hồ Chí Minh","Cần bán novo5 máy bao ngon ngọt áo cực kì đẹp máy móc zin êm ru nồi láp k hú zin 100%
 Giấy tờ đầy đủ k9c xe hợp lệ có giấy mua bán tại nhà chuẩn chỉnh xe về chạy không tốn thêm ngàn nào hết 
Aec cần alo em có ship khu vực tphcm (có cọc là ship sợ lừa đảo coi xe trực tiếp )
Có bớt tiền xăng cộ ạ",Yamaha,Nouvo,2015,123456,Đã sử dụng,Tay ga,100 - 175 cc,Việt Nam,Bảo hành hãng,> 50 kg,https://xe.chotot.com/mua-ban-xe-may-thanh-pho-thu-duc-tp-ho-chi-minh/123755382.htm
2407,Winner X 2019,16.000.000 đ,16.51 tr,19.38 tr,"Phường Tân Chánh Hiệp, Quận 12, Tp Hồ Chí Minh","Mình bán Winner X giá 16tr. Bớt tiền xăng cho ai thiện chí mua. Xe mua bán có giấy cửa hàng bao tranh chấp. Xe máy zin, có smartkey chống trộm đầy đủ.
Xem xe Tô Ký quận 12.",Honda,Winner X,2019,75000,Đã sử dụng,Tay côn/Moto,100 - 175 cc,Nhật Bản,Bảo hành hãng,> 50 kg,https://xe.chotot.com/mua-ban-xe-may-quan-12-tp-ho-chi-minh/123263427.htm
4428,Bán xe Exciter 155 VVA khóa Smartkey 2022,35.000.000 đ,28.79 tr,33.8 tr,"Phường 15, Quận Tân Bình, Tp Hồ Chí Minh","Dư dùng cần bán Exciter 155VVA 2022. ODO 16.000. Xe chạy kỹ bảo trì đầy đủ. Chính chủ sang tên 1 nốt nhạc. Giá 35tr. Xem xe Tân Bình, hẹn trước. Cần người mua sử dụng, cò lái ép giá xin né giùm em!",Yamaha,Exciter,2022,16000,Đã sử dụng,Tay côn/Moto,100 - 175 cc,Đang cập nhật,Bảo hành hãng,> 50 kg,https://xe.chotot.com/mua-ban-xe-may-quan-tan-binh-tp-ho-chi-minh/123508851.htm
5785,"Xe vario 2019 chính chủ, 1 đời chủ",34.500.000 đ,30.2 tr,35.45 tr,"Phường Hiệp Bình Phước (Quận Thủ Đức cũ), Thành phố Thủ Đức, Tp Hồ Chí Minh","Cần bán xe vario 2019 odo29k
Xe chính chủ, 1đời chủ
Xe nhà đi rất kĩ máy nguyên zin còn êm ru về đổ xăng là đi thoải mái, ae test xe thoải mái
Giá còn thương lượng cho ae có thiện chí
Ae lh sđt này nha: ***",Honda,Vario,2019,29000,Đã sử dụng,Tay ga,100 - 175 cc,Đang cập nhật,Bảo hành hãng,> 50 kg,https://xe.chotot.com/mua-ban-xe-may-thanh-pho-thu-duc-tp-ho-chi-minh/123408372.htm
2299,BN302 xe máy móc êm zin đảm bảo uy tín,36.000.000 đ,20.8 tr,24.41 tr,"Phường Tân Hưng Thuận, Quận 12, Tp Hồ Chí Minh","AE suy nghĩ gì nữa hốt em này về mà chạy, máy móc là khởi lo nha AE. Giá lại tốt nữa. Xem xe LH em . Địa chỉ song hành Q12 ( cách đường Nguyễn Văn quá 500m. Zalo ***.",Honda,Dòng khác,2016,5000,Đã sử dụng,Tay côn/Moto,Trên 175 cc,Thái Lan,Bảo hành hãng,> 50 kg,https://xe.chotot.com/mua-ban-xe-may-quan-12-tp-ho-chi-minh/123447024.htm
3505,Vario Indo 160 - dk t12/2022,42.000.000 đ,36.06 tr,42.33 tr,"Phường 14, Quận Bình Thạnh, Tp Hồ Chí Minh","Mình nhà chật muốn bán xe nhà đi vario dk T11/2022 xe nhập indo đi được 15 ngàn km hơn gần 16 ngàn.
Xe zin hết sơn zin có dán keo trong nguyên xe . Zem xe tại Q1",Honda,Vario,2023,15800,Đã sử dụng,Tay ga,100 - 175 cc,Nhật Bản,Bảo hành hãng,> 50 kg,https://xe.chotot.com/mua-ban-xe-may-quan-binh-thanh-tp-ho-chi-minh/123327104.htm
6174,em cần bán xe lead máy êm giấy tờ đày đủ,6.500.000 đ,6.64 tr,7.79 tr,"Xã Tân Quý Tây, Huyện Bình Chánh, Tp Hồ Chí Minh","Em cần bán xe lead giấy tờ hợp lệ
***",Honda,Lead,2010,22,Đã sử dụng,Tay ga,100 - 175 cc,Nhật Bản,Bảo hành hãng,> 50 kg,https://xe.chotot.com/mua-ban-xe-may-huyen-binh-chanh-tp-ho-chi-minh/124022040.htm
1776,vario 150i đời 2021..1 chủ odo 21.000km,36.300.000 đ,32.11 tr,37.7 tr,"Phường 14, Quận 11, Tp Hồ Chí Minh","vario 150cc đời 2021 smatkey trắng cam sprot rất đẹp (khoá thông minh smartkey) đời cuối cùng của mẫu này 
❌xe mình Odo 21.000 km còn rất mới (khỏi cần tả)
🔋vỏ theo xe 1 cặp 
🔋xe còn rất đẹp ít hao xăng..đi lòng vòng chưa bao giờ đi xa..trùm mền chủ yếu..
🔋xe 2 remot 
Xe ngay chủ 5 số..biển thành phố bình duơng 61❌ ngay mình đứng tên….sang tên 1 nốt nhạc..xem xe q11...ngay chủ bán..",Honda,Vario,2021,21000,Đã sử dụng,Tay ga,100 - 175 cc,Nước khác,Bảo hành hãng,> 50 kg,https://xe.chotot.com/mua-ban-xe-may-quan-11-tp-ho-chi-minh/118692031.htm
3568,Dylan lên SH 150i + smartkey bstp máy cực êm,16.800.000 đ,8.01 tr,9.41 tr,"Phường 26, Quận Bình Thạnh, Tp Hồ Chí Minh","Không có nhu cầu sử dụng nên cần bán Dylan bstp đã lên full dàn áo SH, lên sẵn smartkey
Xe máy móc êm ru, khộnh lỗi lầm, dàn ngoài trầy xước nhẹ theo năm tháng.
Mua bán tại nhà, bao tranh chấp toàn quốc.
Giá: 16.800.000 (mong gặp người thiện chí)
Xem xe trực tiếp tại Bình Thạnh, HCM.
Cảm ơn mọi người đã đọc tin",Honda,Dylan,2005,30000,Đã sử dụng,Tay ga,100 - 175 cc,Việt Nam,Bảo hành hãng,> 50 kg,https://xe.chotot.com/mua-ban-xe-may-quan-binh-thanh-tp-ho-chi-minh/120485659.htm
3652,BÁN HONDA REBEL 125cc,94.000.000 đ,86.48 tr,101.52 tr,"Phường 12, Quận Gò Vấp, Tp Hồ Chí Minh","- Honda Rebel 125cc hqcn đẹp leng keng 
- Zin nguyên, máy mạnh, êm ngay chủ, 
- Bao rút hồ sơ sang tên toàn quốc 

☎️ *** (zalo)
🚛 Ship Cod Toàn Quốc",Honda,Rebel,1998,72000,Đã sử dụng,Tay côn/Moto,Trên 175 cc,Nhật Bản,Bảo hành hãng,> 50 kg,https://xe.chotot.com/mua-ban-xe-may-quan-go-vap-tp-ho-chi-minh/124952651.htm
3536,Thanh Lý xe giá rẻ,3.200.000 đ,6.44 tr,7.56 tr,"Phường 27, Quận Bình Thạnh, Tp Hồ Chí Minh","ngoại hình liền lạc, giấy tờ đầy đủ, bình yếu không đề được",SYM,Dòng khác,2015,100000,Đã sử dụng,Xe số,100 - 175 cc,Đài Loan,Bảo hành hãng,> 50 kg,https://xe.chotot.com/mua-ban-xe-may-quan-binh-thanh-tp-ho-chi-minh/123252718.htm
5995,YAMAHA EXCTTER 150 đẹp hoạ động hoàn hảo,13.500.000 đ,14.95 tr,17.54 tr,"Phường Phước Long B (Quận 9 cũ), Thành phố Thủ Đức, Tp Hồ Chí Minh","YAMAHA EXCTTER 150 đẹp hoạ động hoàn hảo 
Máy mạnh chạy êm 
Giấy tờ đầy đủ",Yamaha,Exciter,2016,235345,Đã sử dụng,Tay côn/Moto,100 - 175 cc,Nhật Bản,Bảo hành hãng,> 50 kg,https://xe.chotot.com/mua-ban-xe-may-thanh-pho-thu-duc-tp-ho-chi-minh/123167871.htm
737,Bán xe tay ga như hình,9.000.000 đ,6.83 tr,8.02 tr,"Phường Tân Kiểng, Quận 7, Tp Hồ Chí Minh","Cần bán chiếc xe như hình. 
Giấy tờ đầy đủ
Máy bao êm chưa bung
 Giá 9tr. Xe nhỏ gọn, thích hợp cho nữ chạy",Yamaha,Luvias,2013,200000,Đã sử dụng,Tay ga,100 - 175 cc,Đang cập nhật,Bảo hành hãng,> 50 kg,https://xe.chotot.com/mua-ban-xe-may-quan-7-tp-ho-chi-minh/125003249.htm
7055,Thanh Lý xe Wave RSX,8.000.000 đ,6.99 tr,8.21 tr,"Xã Xuân Thới Đông, Huyện Hóc Môn, Tp Hồ Chí Minh",Dư xe cần thanh lý xe Wave RSX chính chủ . Liên hệ xem xe trực tiếp .,Honda,Wave,2012,82000,Đã sử dụng,Xe số,100 - 175 cc,Việt Nam,Bảo hành hãng,> 50 kg,https://xe.chotot.com/mua-ban-xe-may-huyen-hoc-mon-tp-ho-chi-minh/119336997.htm
1766,cần bán ab đầu bò tháng 12-2011,10.300.000 đ,10.02 tr,11.76 tr,"Phường 3, Quận 11, Tp Hồ Chí Minh",Bán(đỏi)ab đàu bò xs:12-2011 chính chủ cong chứng mua bán uỷ quyèn ok . Giá mong muón 10.300.000₫ cảm ơn chợ tốt đã duỵet tin🔊📢🇯🇵,Honda,Air Blade,2011,82000,Đã sử dụng,Tay ga,100 - 175 cc,Nhật Bản,Bảo hành hãng,> 50 kg,https://xe.chotot.com/mua-ban-xe-may-quan-11-tp-ho-chi-minh/123227162.htm
5573,Cần bán xe nhà em sự dũng xe em bao zin gia 110tr,110.000.000 đ,95.08 tr,111.62 tr,"Phường Tam Phú (Quận Thủ Đức cũ), Thành phố Thủ Đức, Tp Hồ Chí Minh",Cần bán xe nhà em sự dũng xe mau y gia 110tr,Honda,SH,2010,40000,Đã sử dụng,Tay ga,100 - 175 cc,Việt Nam,Bảo hành hãng,> 50 kg,https://xe.chotot.com/mua-ban-xe-may-thanh-pho-thu-duc-tp-ho-chi-minh/123621136.htm
5824,Bán Wave Aphal 208 biển thành phố máy cực êm,6.700.000 đ,6.77 tr,7.94 tr,"Phường Phú Hữu (Quận 9 cũ), Thành phố Thủ Đức, Tp Hồ Chí Minh","máy móc êm k hú hí, cày bừa thoải mái,Mọi chức năng đầy đủ,Mua về đổ xăng là Chạy, có bớt anh em nhanh gọn giáy tờ đầy đủ bao tranh chấp",Honda,Wave,2008,0,Đã sử dụng,Xe số,100 - 175 cc,Nhật Bản,Bảo hành hãng,> 50 kg,https://xe.chotot.com/mua-ban-xe-may-thanh-pho-thu-duc-tp-ho-chi-minh/123370841.htm
4014,"cần bán xe wave 2022,có fix cho ae lấy nhanh",16.000.000 đ,14.31 tr,16.8 tr,"Phường 10, Quận Gò Vấp, Tp Hồ Chí Minh","Xe đã đi được 3100km
Tình trạng xe còn mới
Không đâm đụng
Giấy tờ sang tên nhanh gọn
Do nhà dư xe nên cần bán
Có fix cho ae lấy nhanh",Honda,Wave,2022,31000,Đã sử dụng,Xe số,100 - 175 cc,Việt Nam,Bảo hành hãng,> 50 kg,https://xe.chotot.com/mua-ban-xe-may-quan-go-vap-tp-ho-chi-minh/123259603.htm
2099,"Bán xe Cub 50cc Bso Tp 8,5tr",8.500.000 đ,7.76 tr,9.11 tr,"Phường Thạnh Xuân, Quận 12, Tp Hồ Chí Minh","- Xe Honda Cub 50cc , Bso Tp, Cavet đầy đủ.

- Xe rất nhạy nổ, lợi xăng , xe đang đi làm hàng ngày bt. Đèn kèn to rõ.
- Đã thay bình xăng lớn.
- Baga sườn mới, inox dày.
- Rổ xe đồ chơi Nhật dày đẹp, mới.
- Mới thay niềng trước, cặp bánh mới
- Còn đủ bộ khoá zin mới, 3 vị trí dùng 1 chìa: Nổ, Cổ, Hông
- Đã thay mới: Xi nhan sau, Niềng trước, 02 bánh mới + ruột
- Sơn cũ, một số vị trí sườn có gỉ.",Honda,Cub,1999,40000,Đã sử dụng,Xe số,50 - 100 cc,Nhật Bản,Bảo hành hãng,> 50 kg,https://xe.chotot.com/mua-ban-xe-may-quan-12-tp-ho-chi-minh/123769575.htm
4616,Bán Xe yamaha ultimo,8.500.000 đ,6.19 tr,7.26 tr,"Phường Tân Quý, Quận Tân Phú, Tp Hồ Chí Minh","Mio Utimo Xe Nhà Đi Đời Cao Cuối 11/2009 Biển Số Thành Phố Chính Chủ. Sang Tên 1 Nốt Nhạc. 

- Máy Móc Zin Êm. Gaanti Nhiễn Nhừ

- Dàn Áo Leng Keng Bóng Lưỡng. 

- Cặp Vỏ Còn Dày Cui 

- Dòng Này Chạy Siêu Đã. Anh Chị Em Mua Về Chỉ Việc Chạy. 

Giá Bán Chỉ 8.500.000 ( Tám Triệu Mấy ). 

Liên hệ : ***",Yamaha,Mio,2016,69999,Đã sử dụng,Tay ga,100 - 175 cc,Nhật Bản,Bảo hành hãng,> 50 kg,https://xe.chotot.com/mua-ban-xe-may-quan-tan-phu-tp-ho-chi-minh/124684467.htm
5244,Xe chạy bình thường vk vẫn đi làm thường ngày,15.500.000 đ,16.83 tr,19.75 tr,"Phường Long Phước (Quận 9 cũ), Thành phố Thủ Đức, Tp Hồ Chí Minh",Bán xe tai ga đang chạy bình thường vk mình đang đi làm hàng ngày ban số tỉnhlúc trước mua của cửa hàng giờ bán lại viết giấy tai lien hệ số điện thoại của mình ***,Honda,Vision,2016,25,Đã sử dụng,Xe số,50 - 100 cc,Nhật Bản,Bảo hành hãng,> 50 kg,https://xe.chotot.com/mua-ban-xe-may-thanh-pho-thu-duc-tp-ho-chi-minh/124417760.htm
3232,Bán xe Honda PS 2012,61.000.000 đ,,,"Phường 13, Quận Bình Thạnh, Tp Hồ Chí Minh",Tốt đang thỉnh thoảng đang sử dụng khi cần đi công việc,Honda,PS,2012,61325,Đã sử dụng,Tay ga,100 - 175 cc,Nước khác,Bảo hành hãng,> 50 kg,https://xe.chotot.com/mua-ban-xe-may-quan-binh-thanh-tp-ho-chi-minh/124889165.htm
3765,Ducati scrambler 800 bssg 2016,125.000.000 đ,115.38 tr,135.44 tr,"Phường 10, Quận Gò Vấp, Tp Hồ Chí Minh","Cần bán ducati scrambler 800 đời 2016 BSSG ký mua bán sang tên.
- Xe đã lên những món cơ bản : 
chống đổ
gương gù
cùm tăng
bảo vệ gầm
pô HP corse
che két
bảo vệ choá
mão
kẹp dt
sạc dt 2 cổng type C, usb
- Còn full đồ zin ( ghi-đong, pô, ốp hông )
- Đã desmo móc 30k ( xe còn 6300km nữa mới tới kỳ desmo )
- Xe đã bảo dưỡng thay nhớt hoàn chỉnh mua về đổ xăng chạy
Bao ae check tình trạng thoải mái, có fix tốt cho ae nhanh lẹ 👍",Ducati,Scrambler,2016,34500,Đã sử dụng,Tay côn/Moto,Trên 175 cc,Nước khác,Bảo hành hãng,> 50 kg,https://xe.chotot.com/mua-ban-xe-may-quan-go-vap-tp-ho-chi-minh/124045903.htm
7207,Bán xe Future Đời đầu Chính Chủ,10.500.000 đ,14.16 tr,16.63 tr,"Xã Phước Kiển, Huyện Nhà Bè, Tp Hồ Chí Minh","Xe cũ theo năm tháng những vẫn còn đẹp và liền lạc , xe giữ chất zin
Xe chính chủ kí uy quyền hoặc mua bán 
Máy móc em , điện đèn đề đầy đủ mua về chỉ đổ xăng và chạy
Xe chạy đi làm và cfe vòng vòng
- Ai thiện chí hoặc ở xa em bớt cfe",Honda,Future,2000,80000,Đã sử dụng,Xe số,100 - 175 cc,Việt Nam,Bảo hành hãng,> 50 kg,https://xe.chotot.com/mua-ban-xe-may-huyen-nha-be-tp-ho-chi-minh/121196629.htm
5317,Có gia đình nên bán,35.000.000 đ,32.2 tr,37.8 tr,"Phường Long Trường (Quận 9 cũ), Thành phố Thủ Đức, Tp Hồ Chí Minh","Có con nhỏ kho
ng thích hợp nữa.nên bán đổi xe",Benelli,BN 302,2017,10000,Đã sử dụng,Tay côn/Moto,Trên 175 cc,Đang cập nhật,Bảo hành hãng,> 50 kg,https://xe.chotot.com/mua-ban-xe-may-thanh-pho-thu-duc-tp-ho-chi-minh/124075983.htm
6978,Dư con xe nên cần bán,4.700.000 đ,3.28 tr,3.85 tr,"Xã Đông Thạnh, Huyện Hóc Môn, Tp Hồ Chí Minh","Tình trạng xe chạy ok 
Do không còn nhu sử dụng nên bán 
Anh em nào thiện chí nt cho mình nhé 
Nhanh lẹ e fix chút cho anh xăng cộ
Không tiếp anh em cò lái mình cảm ơn
Xe vừa thay nhớ máy nhớt lap vừa thay cặp vỏ 
Mua về chỉ đổ xăng chạy",Suzuki,Hayate,2008,50000,Đã sử dụng,Tay ga,100 - 175 cc,Việt Nam,Bảo hành hãng,> 50 kg,https://xe.chotot.com/mua-ban-xe-may-huyen-hoc-mon-tp-ho-chi-minh/123374527.htm
4999,Xe Freeway zin 98% đời cuối siêu hiếm đầu 13,35.000.000 đ,11.59 tr,13.61 tr,"Phường Phước Long B (Quận 9 cũ), Thành phố Thủ Đức, Tp Hồ Chí Minh","Xe Freeway đầu 13, đời cuối đời hoàn thiện nhất của dòng Freeway, máy êm, chạy đường trường rất thoải mái. Xe không dành cho số đông.
Xe đồ zin 98%, hao mòn theo thời gian 2%.
Giá này thì anh em đừng hỏi pháp lý nhé. Chỉ tiếp người có tìm hiểu về dòng Freeway, bớt lộc cho khách thiện chí nhanh gọn",Honda,Dòng khác,1995,250000,Đã sử dụng,Tay ga,Trên 175 cc,Nhật Bản,Bảo hành hãng,> 50 kg,https://xe.chotot.com/mua-ban-xe-may-thanh-pho-thu-duc-tp-ho-chi-minh/125014282.htm
3426,Ninja 300 chính chủ.,50.000.000 đ,72.29 tr,84.86 tr,"Phường 11, Quận Bình Thạnh, Tp Hồ Chí Minh","Hình sao bán vậy
Xe chính chủ
Dui dẻ bớt nhiều",Kawasaki,Ninja,2018,40000,Đã sử dụng,Tay côn/Moto,Trên 175 cc,Nước khác,Bảo hành hãng,> 50 kg,https://xe.chotot.com/mua-ban-xe-may-quan-binh-thanh-tp-ho-chi-minh/123524374.htm
1488,"Sh ý Sm109 Chính chủ đang chạy đứng bán,SX 12/2012",200.000.000 đ,101.46 tr,119.11 tr,"Phường 4, Quận 10, Tp Hồ Chí Minh","Nhà nhiều xe,ít đi,nên chia sẻ đam mê
Chính chủ đứng bán
Sh ý 150 số máy 109 đăng ký cuối tháng 12/2012 đầu máy zin 100% xe chính chủ,
chưa rớt quạt
 ic sạc còn zin 
hết máy chắc kg dọng hay hú hí gi hết vỏ dunlop zin còn mới tinh
Yên zin còn rất đep sơn dán keo nguyên
Ae mua về chỉ đổ xăng chạy
Giá mong muốn 200trieu
*** Tài 18t
xem xe tại nhà(quận 10) để thương lượng thêm",Honda,SH,2012,31000,Đã sử dụng,Tay ga,100 - 175 cc,Nước khác,Bảo hành hãng,> 50 kg,https://xe.chotot.com/mua-ban-xe-may-quan-10-tp-ho-chi-minh/124348561.htm
102,bán xe sh 125i 2023 bstp,74.500.000 đ,73.25 tr,85.99 tr,"Phường Nguyễn Cư Trinh, Quận 1, Tp Hồ Chí Minh","Mình bán xe chính chủ biển số tp quận tân phú 
Xe có dán keo gỡ keo ra là k có vết trầy 
Chạy 10605km, mua 7/2023",Honda,SH,2023,10605,Đã sử dụng,Tay ga,100 - 175 cc,Việt Nam,Bảo hành hãng,> 50 kg,https://xe.chotot.com/mua-ban-xe-may-quan-1-tp-ho-chi-minh/123358750.htm
2645,Xe Tay Ga Vario 150 Tím Mắm Tôm - CHÍNH CHỦ,42.000.000 đ,35.85 tr,42.08 tr,"Phường An Lạc, Quận Bình Tân, Tp Hồ Chí Minh","CẦN BÁN XE VARIO 150 – CHÍNH CHỦ
Thông tin xe:
– Dòng xe: Honda Vario 150
– Xuất xứ: Indonesia 
– Odo: 46922km
– Biển số: 50Y168388
– Màu sắc: Tím mắm tôm – màu độc lạ, ít đụng hàng
– Xe chính chủ, giấy tờ đầy đủ, hỗ trợ sang tên
– Máy zin êm ru, chưa bung đầu, chưa làm nồi
– Có trầy xước 
– Định kỳ thay nhớt, bảo dưỡng kỹ
Ưu điểm: Xe màu độc, chạy khoẻ, tiết kiệm xăng
“ Biển số đẹp ”
#vario150 #banxecu #xegaTPHCM #xegaBinhTan #chinhchu",Honda,Vario,2024,46900,Đã sử dụng,Tay ga,100 - 175 cc,Nước khác,Bảo hành hãng,> 50 kg,https://xe.chotot.com/mua-ban-xe-may-quan-binh-tan-tp-ho-chi-minh/124670086.htm
3025,bán chiếc vision bản thể thao 2023,32.500.000 đ,27.84 tr,32.68 tr,"Phường An Lạc, Quận Bình Tân, Tp Hồ Chí Minh","cần bán chiếc vision đk 2023 màu xám xi măng.máy zin,dàn áo đẹp xe đi kĩ.bao test thoải mái,xe còn 2 kính và 1 remote.ae ai cần lh ***.xin cảm ơn",Honda,Vision,2023,4400,Đã sử dụng,Tay ga,100 - 175 cc,Việt Nam,Bảo hành hãng,> 50 kg,https://xe.chotot.com/mua-ban-xe-may-quan-binh-tan-tp-ho-chi-minh/123418840.htm
2830,CẦN bán lại con vision đời 2016 . Còn Fix,13.500.000 đ,16.83 tr,19.75 tr,"Phường Tân Tạo A, Quận Bình Tân, Tp Hồ Chí Minh",Xe năm 2016 Thích hợp cho ae mua về chạy Dịch vụ xe ít hư vặt . Có trầy theo năm tháng sử dụng,Honda,Vision,2016,999999,Đã sử dụng,Tay ga,100 - 175 cc,Đang cập nhật,Bảo hành hãng,> 50 kg,https://xe.chotot.com/mua-ban-xe-may-quan-binh-tan-tp-ho-chi-minh/123696886.htm
1075,Cần bán gấp chính chủ ủy quyền,120.000.000 đ,28 tr,32.86 tr,"Phường Phú Thuận, Quận 7, Tp Hồ Chí Minh",Cần bán gấp.chinh chủ ủy quyền .. chia cho ae đam mê biển đẹp,Honda,Vision,2023,900000,Đã sử dụng,Tay côn/Moto,100 - 175 cc,Việt Nam,Bảo hành hãng,> 50 kg,https://xe.chotot.com/mua-ban-xe-may-quan-7-tp-ho-chi-minh/123179127.htm
